Trade_ID,Entry_Time,Exit_Time,Ticker,Direction,P&L,Running_Balance
1,2020-08-28 00:00:00,2020-09-02 00:00:00,JPM,LONG,-3456.12,996543.88
2,2020-08-28 00:00:00,2020-09-08 00:00:00,WMT,LONG,242.72,996786.6
3,2020-09-03 00:00:00,2020-09-09 00:00:00,JPM,LONG,-2734.81,994051.79
4,2020-08-27 00:00:00,2020-09-14 00:00:00,DIS,LONG,-679.32,993372.47
5,2020-09-15 00:00:00,2020-09-16 00:00:00,JPM,LONG,-4928.16,988444.31
6,2020-09-16 00:00:00,2020-09-17 00:00:00,NVDA,LONG,-8342.1,980102.21
7,2020-09-15 00:00:00,2020-09-18 00:00:00,TSLA,LONG,3171.95,983274.16
8,2020-09-17 00:00:00,2020-09-18 00:00:00,BABA,LONG,1058.95,984333.11
9,2020-09-17 00:00:00,2020-09-21 00:00:00,MA,LONG,-2248.93,982084.18
10,2020-09-16 00:00:00,2020-09-23 00:00:00,ABT,LONG,-2121.75,979962.43
11,2020-09-23 00:00:00,2020-09-24 00:00:00,WMT,LONG,-3598.18,976364.25
12,2020-09-28 00:00:00,2020-10-05 00:00:00,NVDA,LONG,2045.25,978409.5
13,2020-09-29 00:00:00,2020-10-05 00:00:00,NFLX,LONG,2234.65,980644.15
14,2020-09-30 00:00:00,2020-10-05 00:00:00,TSLA,LONG,109.32,980753.47
15,2020-09-28 00:00:00,2020-10-07 00:00:00,MSFT,LONG,-2021.21,978732.26
16,2020-09-30 00:00:00,2020-10-07 00:00:00,JNJ,LONG,-184.86,978547.4
17,2020-10-01 00:00:00,2020-10-07 00:00:00,GOOGL,LONG,-309.87,978237.53
18,2020-09-30 00:00:00,2020-10-08 00:00:00,FB,LONG,-323.81,977913.72
19,2020-09-29 00:00:00,2020-10-16 00:00:00,MA,LONG,207.14,978120.86
20,2020-09-30 00:00:00,2020-10-16 00:00:00,ABT,LONG,315.82,978436.68
21,2020-10-08 00:00:00,2020-10-16 00:00:00,JNJ,LONG,-458.0,977978.68
22,2020-09-29 00:00:00,2020-10-19 00:00:00,AMZN,LONG,3387.51,981366.19
23,2020-09-29 00:00:00,2020-10-19 00:00:00,AAPL,LONG,3540.02,984906.22
24,2020-10-08 00:00:00,2020-10-19 00:00:00,TSLA,LONG,919.71,985825.92
25,2020-10-09 00:00:00,2020-10-19 00:00:00,FB,LONG,131.86,985957.79
26,2020-10-12 00:00:00,2020-10-20 00:00:00,DIS,LONG,-121.41,985836.37
27,2020-10-01 00:00:00,2020-10-21 00:00:00,JPM,LONG,490.04,986326.41
28,2020-10-08 00:00:00,2020-10-21 00:00:00,MSFT,LONG,870.63,987197.04
29,2020-10-19 00:00:00,2020-10-22 00:00:00,ABT,LONG,-2985.35,984211.69
30,2020-09-28 00:00:00,2020-10-23 00:00:00,PYPL,LONG,9792.2,994003.89
31,2020-10-23 00:00:00,2020-10-26 00:00:00,ABT,LONG,-1681.88,992322.0
32,2020-09-29 00:00:00,2020-10-27 00:00:00,WMT,LONG,1356.16,993678.17
33,2020-10-22 00:00:00,2020-10-27 00:00:00,DIS,LONG,-2040.83,991637.34
34,2020-10-23 00:00:00,2020-10-28 00:00:00,JPM,LONG,-5868.68,985768.66
35,2020-10-09 00:00:00,2020-10-29 00:00:00,GOOGL,LONG,589.03,986357.69
36,2020-10-22 00:00:00,2020-10-29 00:00:00,FB,LONG,-1414.1,984943.59
37,2020-10-27 00:00:00,2020-10-29 00:00:00,ABT,LONG,-2507.69,982435.9
38,2020-10-28 00:00:00,2020-10-29 00:00:00,AMZN,LONG,-1588.91,980846.98
39,2020-09-29 00:00:00,2020-11-02 00:00:00,BABA,LONG,5988.56,986835.54
40,2020-10-30 00:00:00,2020-11-02 00:00:00,FB,LONG,-5186.47,981649.07
41,2020-11-03 00:00:00,2020-11-04 00:00:00,BABA,LONG,569.41,982218.48
42,2020-11-05 00:00:00,2020-11-10 00:00:00,NVDA,LONG,-3624.47,978594.02
43,2020-11-05 00:00:00,2020-11-10 00:00:00,FB,LONG,-5017.78,973576.24
44,2020-11-05 00:00:00,2020-11-10 00:00:00,TSLA,LONG,-1122.45,972453.8
45,2020-11-05 00:00:00,2020-11-10 00:00:00,AMZN,LONG,-2281.57,970172.22
46,2020-11-06 00:00:00,2020-11-10 00:00:00,PYPL,LONG,-2397.59,967774.63
47,2020-11-06 00:00:00,2020-11-10 00:00:00,NFLX,LONG,-1826.26,965948.37
48,2020-11-05 00:00:00,2020-11-11 00:00:00,MSFT,LONG,-2903.13,963045.24
49,2020-11-06 00:00:00,2020-11-11 00:00:00,MA,LONG,1202.89,964248.13
50,2020-11-05 00:00:00,2020-11-12 00:00:00,DIS,LONG,3516.81,967764.94
51,2020-11-17 00:00:00,2020-11-18 00:00:00,NVDA,LONG,-560.22,967204.72
52,2020-11-04 00:00:00,2020-11-19 00:00:00,ABT,LONG,-270.84,966933.88
53,2020-11-18 00:00:00,2020-11-19 00:00:00,PYPL,LONG,-653.25,966280.63
54,2020-11-06 00:00:00,2020-11-23 00:00:00,AAPL,LONG,-310.66,965969.97
55,2020-11-09 00:00:00,2020-11-23 00:00:00,JNJ,LONG,-263.91,965706.06
56,2020-11-20 00:00:00,2020-11-23 00:00:00,NVDA,LONG,-1753.4,963952.66
57,2020-11-02 00:00:00,2020-11-24 00:00:00,GOOGL,LONG,9205.6,973158.26
58,2020-11-23 00:00:00,2020-11-24 00:00:00,NFLX,LONG,-1803.59,971354.67
59,2020-11-18 00:00:00,2020-12-01 00:00:00,TSLA,LONG,24984.46,996339.13
60,2020-11-24 00:00:00,2020-12-01 00:00:00,BABA,LONG,-3851.51,992487.62
61,2020-11-04 00:00:00,2020-12-02 00:00:00,JPM,LONG,25972.24,1018459.86
62,2020-11-05 00:00:00,2020-12-02 00:00:00,WMT,LONG,1777.99,1020237.85
63,2020-11-23 00:00:00,2020-12-02 00:00:00,PYPL,LONG,7914.95,1028152.8
64,2020-11-25 00:00:00,2020-12-02 00:00:00,MA,LONG,-912.01,1027240.79
65,2020-11-25 00:00:00,2020-12-02 00:00:00,GOOGL,LONG,2159.18,1029399.97
66,2020-11-27 00:00:00,2020-12-02 00:00:00,AMZN,LONG,-196.87,1029203.1
67,2020-11-27 00:00:00,2020-12-02 00:00:00,FB,LONG,1802.1,1031005.2
68,2020-11-27 00:00:00,2020-12-02 00:00:00,MSFT,LONG,61.28,1031066.48
69,2020-11-30 00:00:00,2020-12-02 00:00:00,NFLX,LONG,947.44,1032013.93
70,2020-12-01 00:00:00,2020-12-02 00:00:00,AAPL,LONG,968.13,1032982.06
71,2020-12-01 00:00:00,2020-12-02 00:00:00,NVDA,LONG,130.44,1033112.5
72,2020-12-02 00:00:00,2020-12-02 00:00:00,JNJ,LONG,41.75,1033154.25
